timestamp,participant_id,age,gender,attraction,profile_id,condition,attractiveness,authenticity,desirability,attention_check,attention_correct
2025-11-24T02:32:34.732332,PID_1763951480_1947,24,Prefer not to say,Men,m2,control,2,2,2,FALSE,
2025-11-24T02:33:16.567018,PID_1763951480_1947,24,Prefer not to say,Men,m8,ai_disclosed,2,2,2,FALSE,
2025-11-24T02:33:39.184555,PID_1763951480_1947,24,Prefer not to say,Men,m3,control,2,2,2,FALSE,
2025-11-24T02:33:43.269222,PID_1763951480_1947,24,Prefer not to say,Men,attention_check,attention_check,3,3,3,TRUE,TRUE
2025-11-24T02:34:10.093633,PID_1763951480_1947,24,Prefer not to say,Men,m4,ai_disclosed,2,2,2,FALSE,
2025-11-24T02:34:47.539513,PID_1763951480_1947,24,Prefer not to say,Men,m7,control,2,2,2,FALSE,
2025-11-24T02:34:53.286892,PID_1763951480_1947,24,Prefer not to say,Men,m10,control,2,2,2,FALSE,
2025-11-24T02:35:38.428959,PID_1763951480_1947,24,Prefer not to say,Men,m1,ai_disclosed,2,2,2,FALSE,
2025-11-24T02:35:56.294812,PID_1763951480_1947,24,Prefer not to say,Men,m9,ai_disclosed,2,2,2,FALSE,
2025-11-24T02:36:16.985637,PID_1763951480_1947,24,Prefer not to say,Men,m5,ai_disclosed,2,2,2,FALSE,
2025-11-24T02:36:51.060005,PID_1763951480_1947,24,Prefer not to say,Men,m6,control,2,2,2,FALSE,
2025-11-24T02:37:23.879563,PID_1763951818_7721,24,Prefer not to say,Women,w7,ai_disclosed,2,2,2,FALSE,
2025-11-24T02:37:29.892665,PID_1763951818_7721,24,Prefer not to say,Women,w5,control,2,2,2,FALSE,
2025-11-24T02:37:43.829064,PID_1763951818_7721,24,Prefer not to say,Women,w8,control,2,2,2,FALSE,
2025-11-24T02:37:48.262162,PID_1763951818_7721,24,Prefer not to say,Women,attention_check,attention_check,3,3,3,TRUE,TRUE
2025-11-24T02:37:52.422009,PID_1763951818_7721,24,Prefer not to say,Women,w10,ai_disclosed,2,2,2,FALSE,
2025-11-24T02:37:59.931561,PID_1763951818_7721,24,Prefer not to say,Women,w4,ai_disclosed,2,2,2,FALSE,
2025-11-24T02:38:08.464346,PID_1763951818_7721,24,Prefer not to say,Women,w6,ai_disclosed,2,2,2,FALSE,
2025-11-24T02:38:29.470596,PID_1763951818_7721,24,Prefer not to say,Women,w9,control,2,2,2,FALSE,
2025-11-24T02:38:36.405883,PID_1763951818_7721,24,Prefer not to say,Women,w2,ai_disclosed,2,2,2,FALSE,
2025-11-24T02:38:43.618191,PID_1763951818_7721,24,Prefer not to say,Women,w1,control,2,2,2,FALSE,
2025-11-24T02:38:52.751690,PID_1763951818_7721,24,Prefer not to say,Women,w3,control,2,2,2,FALSE,
2025-11-24T02:50:53.536688,PID_1763952645_4683,24,Prefer not to say,Women,w1,ai_disclosed,1,2,2,FALSE,
2025-11-24T02:50:59.499848,PID_1763952645_4683,24,Prefer not to say,Women,w7,control,4,2,2,FALSE,
2025-11-24T02:51:04.428933,PID_1763952645_4683,24,Prefer not to say,Women,w9,ai_disclosed,3,2,2,FALSE,
2025-11-24T02:51:11.012282,PID_1763952645_4683,24,Prefer not to say,Women,attention_check,attention_check,3,3,3,TRUE,TRUE
2025-11-24T02:51:16.016307,PID_1763952645_4683,24,Prefer not to say,Women,w3,ai_disclosed,1,2,2,FALSE,
2025-11-24T02:51:18.920602,PID_1763952645_4683,24,Prefer not to say,Women,w10,control,2,2,2,FALSE,
2025-11-24T02:51:25.673072,PID_1763952645_4683,24,Prefer not to say,Women,w2,ai_disclosed,0,0,0,FALSE,
2025-11-24T02:51:29.425639,PID_1763952645_4683,24,Prefer not to say,Women,w4,control,4,4,2,FALSE,
2025-11-24T02:51:33.489940,PID_1763952645_4683,24,Prefer not to say,Women,w6,ai_disclosed,3,1,2,FALSE,
2025-11-24T02:51:38.486231,PID_1763952645_4683,24,Prefer not to say,Women,w8,control,2,2,2,FALSE,
2025-11-24T02:51:42.799190,PID_1763952645_4683,24,Prefer not to say,Women,w5,control,1,2,2,FALSE,
2025-11-24T04:13:22.887940,PID_1763957560_3532,31,Man,Men,m2,control,2,1,2,FALSE,
2025-11-24T04:14:02.917108,PID_1763957560_3532,31,Man,Men,m7,ai_disclosed,2,2,2,FALSE,
2025-11-24T04:14:21.716870,PID_1763957560_3532,31,Man,Men,m1,ai_disclosed,1,1,1,FALSE,
2025-11-24T04:14:33.013176,PID_1763957560_3532,31,Man,Men,attention_check,attention_check,3,3,3,TRUE,TRUE
2025-11-24T04:14:50.856828,PID_1763957560_3532,31,Man,Men,m8,ai_disclosed,2,2,3,FALSE,
2025-11-24T04:15:13.146626,PID_1763957560_3532,31,Man,Men,m9,control,3,2,3,FALSE,
2025-11-24T04:15:48.287263,PID_1763957560_3532,31,Man,Men,m4,ai_disclosed,1,2,1,FALSE,
2025-11-24T04:16:13.113553,PID_1763957560_3532,31,Man,Men,m5,control,2,1,1,FALSE,
2025-11-24T13:13:11.559318,PID_1763989927_5429,31,Man,Men,m8,control,1,2,1,FALSE,
2025-11-24T13:13:29.481920,PID_1763989927_5429,31,Man,Men,m3,ai_disclosed,2,2,2,FALSE,
2025-11-24T13:13:48.215133,PID_1763989927_5429,31,Man,Men,m10,control,1,2,1,FALSE,
2025-11-24T13:13:55.661574,PID_1763989927_5429,31,Man,Men,attention_check,attention_check,3,3,3,TRUE,TRUE
2025-11-24T13:14:11.198297,PID_1763989927_5429,31,Man,Men,m5,control,2,1,2,FALSE,
2025-11-24T13:14:24.915094,PID_1763989927_5429,31,Man,Men,m1,control,1,1,1,FALSE,
2025-11-24T13:14:54.925308,PID_1763989927_5429,31,Man,Men,m7,ai_disclosed,2,1,2,FALSE,
2025-11-24T13:15:14.341246,PID_1763989927_5429,31,Man,Men,m4,control,1,1,1,FALSE,
2025-11-24T13:15:38.384053,PID_1763989927_5429,31,Man,Men,m2,ai_disclosed,3,1,2,FALSE,
2025-11-24T13:16:04.855162,PID_1763989927_5429,31,Man,Men,m6,ai_disclosed,2,1,1,FALSE,
2025-11-24T13:16:24.059796,PID_1763989927_5429,31,Man,Men,m9,ai_disclosed,2,1,2,FALSE,
2025-11-24T14:20:03.917879,PID_1763993996_2897,24,Prefer not to say,Men,m4,control,1,3,2,FALSE,
2025-11-24T14:26:17.448313,PID_1763994345_2830,24,Prefer not to say,Men,m9,control,1,0,3,FALSE,
2025-11-24T14:26:37.920534,PID_1763994345_2830,24,Prefer not to say,Men,m5,ai_disclosed,2,2,2,FALSE,
2025-11-24T14:27:01.345106,PID_1763994345_2830,24,Prefer not to say,Men,m1,ai_disclosed,2,2,2,FALSE,
2025-11-24T14:27:01.991887,PID_1763994345_2830,24,Prefer not to say,Men,m1,ai_disclosed,2,2,2,FALSE,
2025-11-24T14:27:06.698581,PID_1763994345_2830,24,Prefer not to say,Men,attention_check,attention_check,3,3,3,TRUE,TRUE
2025-11-24T14:45:45.215263,PID_1763995529_4409,24,Prefer not to say,Men,m7,ai_disclosed,1,2,1,FALSE,
2025-11-24T14:45:49.042124,PID_1763995529_4409,24,Prefer not to say,Men,m1,ai_disclosed,2,2,2,FALSE,
2025-11-24T14:45:51.905289,PID_1763995529_4409,24,Prefer not to say,Men,m5,ai_disclosed,2,2,2,FALSE,
2025-11-24T14:45:58.312774,PID_1763995529_4409,24,Prefer not to say,Men,attention_check,attention_check,3,3,3,TRUE,TRUE
2025-11-24T14:46:09.189721,PID_1763995529_4409,24,Prefer not to say,Men,m6,control,2,2,2,FALSE,
2025-11-24T14:46:31.426145,PID_1763995529_4409,24,Prefer not to say,Men,m2,control,0,2,2,FALSE,
2025-11-25T04:18:02.727832,PID_1764044274_9001,24,Prefer not to say,Men,m2,ai_disclosed,1,2,3,FALSE,
2025-11-25T04:18:15.800985,PID_1764044274_9001,24,Prefer not to say,Men,m6,ai_disclosed,3,2,2,FALSE,
2025-11-25T04:18:39.249213,PID_1764044274_9001,24,Prefer not to say,Men,m5,control,3,2,2,FALSE,
2025-11-25T04:19:08.041347,PID_1764044274_9001,24,Prefer not to say,Men,attention_check,attention_check,3,3,3,TRUE,TRUE
2025-11-25T04:19:16.933082,PID_1764044274_9001,24,Prefer not to say,Men,m1,control,1,3,2,FALSE,
2025-11-29T15:03:40.641602,PID_1764428608_4721,24,Prefer not to say,Women,w8,control,2,1,2,FALSE,
2025-11-29T15:03:46.345427,PID_1764428608_4721,24,Prefer not to say,Women,w5,control,3,2,2,FALSE,
2025-11-29T15:03:46.742463,PID_1764428608_4721,24,Prefer not to say,Women,w5,control,3,2,2,FALSE,
2025-11-29T18:09:50.604465,PID_1764439770_3901,24,Man,Women,w9,control,2,3,2,FALSE,
2025-11-29T18:09:58.256876,PID_1764439770_3901,24,Man,Women,w6,control,2,2,3,FALSE,
2025-11-30T20:38:56.297425,PID_1764535065_5768,24,Prefer not to say,Men,m3,control,1,2,2,FALSE,
2025-12-01T07:10:03.071322,PID_1764572930_1474,31,Man,Women,w6,ai_disclosed,2,4,2,FALSE,
2025-12-01T07:10:23.319334,PID_1764572930_1474,31,Man,Women,w5,control,2,1,1,FALSE,
2025-12-01T07:11:03.051970,PID_1764572930_1474,31,Man,Women,w7,ai_disclosed,2,2,1,FALSE,
2025-12-01T07:11:14.127560,PID_1764572930_1474,31,Man,Women,attention_check,attention_check,3,3,3,TRUE,TRUE
2025-12-01T07:11:31.633879,PID_1764572930_1474,31,Man,Women,w3,control,3,1,3,FALSE,
2025-12-01T07:11:49.674483,PID_1764572930_1474,31,Man,Women,w4,control,3,1,2,FALSE,
2025-12-01T07:11:50.711672,PID_1764572930_1474,31,Man,Women,w10,ai_disclosed,2,2,2,FALSE,
2025-12-01T07:12:05.420802,PID_1764572930_1474,31,Man,Women,w1,ai_disclosed,3,3,1,FALSE,
2025-12-01T07:12:39.696372,PID_1764572930_1474,31,Man,Women,w8,control,3,2,3,FALSE,
2025-12-01T07:12:49.955530,PID_1764572930_1474,31,Man,Women,w9,control,2,2,1,FALSE,
2025-12-01T07:13:01.872104,PID_1764572930_1474,31,Man,Women,w2,ai_disclosed,2,1,1,FALSE,
2025-12-01T16:15:43.838598,PID_1764605728_5974,24,Prefer not to say,Men,m4,control,1,3,0,FALSE,
2025-12-01T16:16:52.779759,PID_1764605728_5974,24,Prefer not to say,Men,m8,ai_disclosed,3,3,4,FALSE,
2025-12-01T16:17:06.040514,PID_1764605728_5974,24,Prefer not to say,Men,m6,control,1,0,3,FALSE,
2025-12-01T16:17:11.082488,PID_1764605728_5974,24,Prefer not to say,Men,attention_check,attention_check,3,3,3,TRUE,TRUE
2025-12-01T16:17:16.912270,PID_1764605728_5974,24,Prefer not to say,Men,m1,control,1,3,2,FALSE,
2025-12-01T16:17:32.949010,PID_1764605728_5974,24,Prefer not to say,Men,m3,ai_disclosed,3,4,2,FALSE,
2025-12-02T17:28:02.284419,PID_1764696468_1129,24,Prefer not to say,Women,w5,control,0,2,2,FALSE,
2025-12-02T17:29:07.472241,PID_1764696468_1129,24,Prefer not to say,Women,w1,ai_disclosed,0,3,3,FALSE,
2025-12-02T17:30:14.619525,PID_1764696468_1129,24,Prefer not to say,Women,w3,control,3,2,3,FALSE,
2025-12-02T17:30:59.344157,PID_1764696468_1129,24,Prefer not to say,Women,attention_check,attention_check,3,3,3,TRUE,TRUE
2025-12-02T17:31:22.463024,PID_1764696468_1129,24,Prefer not to say,Women,w9,control,1,3,1,FALSE,
2025-12-02T17:32:28.599661,PID_1764696468_1129,24,Prefer not to say,Women,w10,control,1,3,3,FALSE,
2025-12-02T17:33:22.291671,PID_1764696468_1129,24,Prefer not to say,Women,w6,control,1,1,1,FALSE,
2025-12-02T17:33:52.627964,PID_1764696468_1129,24,Prefer not to say,Women,w2,ai_disclosed,2,0,2,FALSE,
2025-12-02T17:34:33.064337,PID_1764696468_1129,24,Prefer not to say,Women,w7,ai_disclosed,4,4,4,FALSE,
2025-12-02T17:35:45.189292,PID_1764696468_1129,24,Prefer not to say,Women,w8,ai_disclosed,4,4,4,FALSE,
2025-12-02T19:55:31.149675,PID_1764705320_1252,24,Prefer not to say,Men,m9,control,1,1,3,FALSE,
2025-12-02T19:55:37.016892,PID_1764705320_1252,24,Prefer not to say,Men,m10,ai_disclosed,3,2,3,FALSE,
2025-12-02T19:56:45.994244,PID_1764705401_9729,24,Prefer not to say,Men,m10,ai_disclosed,2,2,1,FALSE,
2025-12-02T19:56:49.963998,PID_1764705401_9729,24,Prefer not to say,Men,m4,ai_disclosed,2,3,3,FALSE,
2025-12-02T19:56:52.646677,PID_1764705401_9729,24,Prefer not to say,Men,m7,control,2,2,3,FALSE,
2025-12-02T19:56:57.301295,PID_1764705401_9729,24,Prefer not to say,Men,attention_check,attention_check,3,3,3,TRUE,TRUE
2025-12-02T19:57:03.782708,PID_1764705401_9729,24,Prefer not to say,Men,m6,ai_disclosed,1,2,1,FALSE,
2025-12-02T19:57:08.858107,PID_1764705401_9729,24,Prefer not to say,Men,m2,control,2,1,2,FALSE,
2025-12-02T19:57:34.063723,PID_1764705401_9729,24,Prefer not to say,Men,m5,ai_disclosed,2,3,2,FALSE,
2025-12-02T19:57:39.955251,PID_1764705401_9729,24,Prefer not to say,Men,m8,control,2,1,2,FALSE,
2025-12-02T19:57:47.564759,PID_1764705401_9729,24,Prefer not to say,Men,m1,ai_disclosed,2,3,2,FALSE,
2025-12-02T19:57:50.635984,PID_1764705401_9729,24,Prefer not to say,Men,m9,control,4,2,2,FALSE,
2025-12-02T19:57:55.116240,PID_1764705401_9729,24,Prefer not to say,Men,m3,control,1,2,2,FALSE,
2025-12-02T20:24:36.792922,PID_1764707028_4954,22,Man,Women,w7,ai_disclosed,1,3,2,FALSE,
2025-12-02T20:24:59.114557,PID_1764707028_4954,22,Man,Women,w6,ai_disclosed,3,3,2,FALSE,
2025-12-02T20:25:15.241484,PID_1764707028_4954,22,Man,Women,w8,control,4,1,4,FALSE,
2025-12-02T20:25:43.299465,PID_1764707028_4954,22,Man,Women,attention_check,attention_check,3,3,3,TRUE,TRUE
2025-12-02T20:26:04.988444,PID_1764707028_4954,22,Man,Women,w4,ai_disclosed,4,3,3,FALSE,
2025-12-02T20:26:27.971892,PID_1764707028_4954,22,Man,Women,w5,ai_disclosed,2,4,2,FALSE,
2025-12-02T20:26:45.179430,PID_1764707028_4954,22,Man,Women,w1,control,3,3,2,FALSE,
2025-12-02T20:27:38.253812,PID_1764707028_4954,22,Man,Women,w2,control,1,4,0,FALSE,
2025-12-02T20:28:02.719962,PID_1764707028_4954,22,Man,Women,w3,ai_disclosed,4,3,4,FALSE,
2025-12-02T20:28:17.067659,PID_1764707028_4954,22,Man,Women,w10,control,2,2,2,FALSE,
2025-12-02T20:28:39.043733,PID_1764707028_4954,22,Man,Women,w9,control,2,3,3,FALSE,
2025-12-02T20:32:46.479930,PID_1764707536_3456,28,Woman,Both,w6,ai_disclosed,3,3,2,FALSE,
2025-12-02T20:33:01.500540,PID_1764707536_3456,28,Woman,Both,w4,control,3,3,3,FALSE,
2025-12-02T20:33:02.385166,PID_1764707536_3456,28,Woman,Both,w10,control,2,2,2,FALSE,
2025-12-02T20:33:20.478421,PID_1764707536_3456,28,Woman,Both,attention_check,attention_check,3,3,3,TRUE,TRUE
2025-12-02T20:33:31.014952,PID_1764707321_7301,23,Man,Women,w4,ai_disclosed,4,2,3,FALSE,
2025-12-02T20:33:33.089629,PID_1764707536_3456,28,Woman,Both,m1,control,1,1,1,FALSE,
2025-12-02T20:33:41.793671,PID_1764707321_7301,23,Man,Women,w3,ai_disclosed,4,1,4,FALSE,
2025-12-02T20:33:48.603149,PID_1764707536_3456,28,Woman,Both,m7,ai_disclosed,2,1,2,FALSE,
2025-12-02T20:34:01.793159,PID_1764707536_3456,28,Woman,Both,m5,control,2,3,2,FALSE,
2025-12-02T20:34:20.480495,PID_1764707536_3456,28,Woman,Both,m6,ai_disclosed,0,2,1,FALSE,
2025-12-02T20:34:20.999077,PID_1764707536_3456,28,Woman,Both,m6,ai_disclosed,0,2,1,FALSE,
2025-12-02T20:34:29.059477,PID_1764707629_2728,25,Woman,Both,m6,control,0,2,0,FALSE,
2025-12-02T20:34:29.394642,PID_1764707321_7301,23,Man,Women,w9,control,1,4,1,FALSE,
2025-12-02T20:34:31.714908,PID_1764707536_3456,28,Woman,Both,w5,ai_disclosed,2,1,2,FALSE,
2025-12-02T20:34:44.121813,PID_1764707536_3456,28,Woman,Both,w8,ai_disclosed,1,2,1,FALSE,
2025-12-02T20:34:55.576875,PID_1764707321_7301,23,Man,Women,attention_check,attention_check,3,3,3,TRUE,TRUE
2025-12-02T20:34:56.223029,PID_1764707536_3456,28,Woman,Both,m8,control,3,3,3,FALSE,
2025-12-02T20:35:08.367263,PID_1764707629_2728,25,Woman,Both,w5,control,1,1,1,FALSE,
2025-12-02T20:35:38.912261,PID_1764707321_7301,23,Man,Women,w2,ai_disclosed,1,1,1,FALSE,
2025-12-02T20:35:40.816761,PID_1764707629_2728,25,Woman,Both,w7,ai_disclosed,0,1,0,FALSE,
2025-12-02T20:36:01.786225,PID_1764707321_7301,23,Man,Women,w1,ai_disclosed,1,1,1,FALSE,
2025-12-02T20:36:08.207888,PID_1764707321_7301,23,Man,Women,w8,control,2,2,2,FALSE,
2025-12-02T20:36:15.637652,PID_1764707629_2728,25,Woman,Both,attention_check,attention_check,3,3,3,TRUE,TRUE
2025-12-02T20:36:16.107705,PID_1764707321_7301,23,Man,Women,w5,control,0,0,0,FALSE,
2025-12-02T20:36:25.337689,PID_1764707629_2728,25,Woman,Both,m8,ai_disclosed,0,1,0,FALSE,
2025-12-02T20:36:48.946957,PID_1764707629_2728,25,Woman,Both,w8,control,2,1,1,FALSE,
2025-12-02T20:36:53.991461,PID_1764707321_7301,23,Man,Women,w6,ai_disclosed,1,1,1,FALSE,
2025-12-02T20:37:06.313040,PID_1764707629_2728,25,Woman,Both,m5,control,0,0,0,FALSE,
2025-12-02T20:37:06.718426,PID_1764707776_9324,29,Man,Women,w7,control,0,1,0,FALSE,
2025-12-02T20:37:19.208448,PID_1764707629_2728,25,Woman,Both,m9,ai_disclosed,0,1,0,FALSE,
2025-12-02T20:37:29.290432,PID_1764707629_2728,25,Woman,Both,w6,control,0,0,0,FALSE,
2025-12-02T20:37:29.698011,PID_1764707776_9324,29,Man,Women,w9,control,2,0,1,FALSE,
2025-12-02T20:37:41.813613,PID_1764707629_2728,25,Woman,Both,m1,ai_disclosed,0,1,0,FALSE,
2025-12-02T20:37:45.376952,PID_1764707321_7301,23,Man,Women,w10,control,2,1,2,FALSE,
2025-12-02T20:37:58.217315,PID_1764707776_9324,29,Man,Women,w3,ai_disclosed,3,2,1,FALSE,
2025-12-02T20:38:03.535764,PID_1764707629_2728,25,Woman,Both,w2,ai_disclosed,2,1,2,FALSE,
2025-12-02T20:38:13.877989,PID_1764707776_9324,29,Man,Women,attention_check,attention_check,3,3,3,TRUE,TRUE
2025-12-02T20:38:15.109423,PID_1764707321_7301,23,Man,Women,w7,control,1,1,0,FALSE,
2025-12-02T20:38:41.259882,PID_1764707776_9324,29,Man,Women,w10,ai_disclosed,2,0,1,FALSE,
2025-12-02T20:39:29.637399,PID_1764707776_9324,29,Man,Women,w5,control,4,3,4,FALSE,
2025-12-02T20:39:49.022899,PID_1764707776_9324,29,Man,Women,w1,control,2,3,2,FALSE,
2025-12-02T20:40:15.446610,PID_1764707776_9324,29,Man,Women,w8,control,4,2,3,FALSE,
2025-12-02T20:40:33.696478,PID_1764707776_9324,29,Man,Women,w2,ai_disclosed,0,3,1,FALSE,
2025-12-02T20:40:43.593065,PID_1764708011_6897,29,Man,Men,m3,ai_disclosed,3,2,4,FALSE,
2025-12-02T20:41:01.718996,PID_1764708011_6897,29,Man,Men,m10,control,0,3,1,FALSE,
2025-12-02T20:41:03.317309,PID_1764707776_9324,29,Man,Women,w6,ai_disclosed,1,0,1,FALSE,
2025-12-02T20:41:33.019055,PID_1764707776_9324,29,Man,Women,w4,ai_disclosed,3,1,2,FALSE,
2025-12-02T20:42:22.268293,PID_1764708011_6897,29,Man,Men,m8,control,3,4,4,FALSE,
2025-12-02T20:42:26.933399,PID_1764708011_6897,29,Man,Men,attention_check,attention_check,3,3,3,TRUE,TRUE
2025-12-02T20:42:36.001567,PID_1764708011_6897,29,Man,Men,m2,ai_disclosed,4,3,3,FALSE,
2025-12-02T20:43:02.074425,PID_1764708011_6897,29,Man,Men,m4,ai_disclosed,1,0,1,FALSE,
2025-12-02T20:43:12.637600,PID_1764708011_6897,29,Man,Men,m7,control,3,2,4,FALSE,
2025-12-02T20:43:37.772326,PID_1764708011_6897,29,Man,Men,m5,ai_disclosed,1,2,2,FALSE,
2025-12-02T20:43:46.967581,PID_1764708011_6897,29,Man,Men,m1,control,3,0,1,FALSE,
2025-12-02T20:43:59.916060,PID_1764708011_6897,29,Man,Men,m6,control,2,4,3,FALSE,
2025-12-02T20:44:19.543484,PID_1764708011_6897,29,Man,Men,m9,ai_disclosed,3,3,3,FALSE,
2025-12-02T20:49:48.610851,PID_1764708518_6234,29,Man,Women,w4,control,4,3,4,FALSE,
2025-12-02T20:56:36.067571,PID_1764708863_7795,27,Man,Women,w8,ai_disclosed,2,0,2,FALSE,
2025-12-02T21:03:56.163708,PID_1764709415_3179,27,Man,Women,w4,control,2,0,2,FALSE,
2025-12-02T21:04:17.696840,PID_1764709415_3179,27,Man,Women,w2,ai_disclosed,0,1,0,FALSE,
2025-12-02T21:05:10.156456,PID_1764709415_3179,27,Man,Women,w10,ai_disclosed,4,1,2,FALSE,
2025-12-02T21:06:20.224276,PID_1764709415_3179,27,Man,Women,attention_check,attention_check,3,3,3,TRUE,TRUE
2025-12-02T21:07:04.850450,PID_1764709415_3179,27,Man,Women,w6,control,1,3,1,FALSE,
2025-12-02T21:07:20.251706,PID_1764709415_3179,27,Man,Women,w7,ai_disclosed,0,3,0,FALSE,
2025-12-02T21:07:35.463052,PID_1764709415_3179,27,Man,Women,w9,control,1,3,1,FALSE,
2025-12-02T21:07:55.780367,PID_1764709415_3179,27,Man,Women,w1,ai_disclosed,3,2,3,FALSE,
2025-12-02T21:08:15.438327,PID_1764709415_3179,27,Man,Women,w3,control,4,3,4,FALSE,
2025-12-02T21:08:28.038123,PID_1764709415_3179,27,Man,Women,w8,control,2,0,1,FALSE,
2025-12-02T21:08:47.647409,PID_1764709415_3179,27,Man,Women,w5,ai_disclosed,1,1,0,FALSE,
2025-12-03T13:16:49.394795,PID_1764767770_7792,29,Man,Women,w1,control,4,3,4,FALSE,
2025-12-03T13:16:52.414983,PID_1764767770_7792,29,Man,Women,w6,ai_disclosed,2,2,2,FALSE,
2025-12-03T13:17:24.872424,PID_1764767770_7792,29,Man,Women,w10,ai_disclosed,3,1,2,FALSE,
2025-12-03T13:17:39.724770,PID_1764767770_7792,29,Man,Women,attention_check,attention_check,3,3,3,TRUE,TRUE
2025-12-03T13:18:34.435142,PID_1764767770_7792,29,Man,Women,w3,control,1,3,1,FALSE,
2025-12-03T13:19:05.205764,PID_1764767770_7792,29,Man,Women,w8,control,3,4,3,FALSE,
2025-12-03T13:19:34.342739,PID_1764767770_7792,29,Man,Women,w9,ai_disclosed,2,1,2,FALSE,
2025-12-03T13:20:20.245146,PID_1764767770_7792,29,Man,Women,w4,ai_disclosed,4,2,3,FALSE,
2025-12-03T13:20:53.063682,PID_1764767770_7792,29,Man,Women,w2,control,0,4,0,FALSE,
2025-12-03T13:21:13.601728,PID_1764767770_7792,29,Man,Women,w7,control,1,4,1,FALSE,
2025-12-03T13:21:34.706902,PID_1764767770_7792,29,Man,Women,w5,ai_disclosed,3,3,3,FALSE,
2025-12-03T15:37:10.176213,PID_1764776101_4688,24,Woman,Men,m3,ai_disclosed,3,2,2,FALSE,
2025-12-04T00:55:10.368475,PID_1764809623_4152,23,Woman,Men,m10,ai_disclosed,0,2,0,FALSE,
2025-12-04T00:55:33.053952,PID_1764809623_4152,23,Woman,Men,m1,control,0,1,0,FALSE,
2025-12-04T00:55:55.744226,PID_1764809623_4152,23,Woman,Men,m9,ai_disclosed,3,3,3,FALSE,
2025-12-04T00:56:11.744511,PID_1764809623_4152,23,Woman,Men,attention_check,attention_check,3,3,3,TRUE,TRUE
2025-12-04T00:56:47.304065,PID_1764809623_4152,23,Woman,Men,m3,ai_disclosed,2,3,3,FALSE,
2025-12-04T00:57:02.951454,PID_1764809623_4152,23,Woman,Men,m8,control,0,3,0,FALSE,
2025-12-04T00:57:21.634447,PID_1764809623_4152,23,Woman,Men,m7,control,0,3,0,FALSE,
2025-12-04T00:57:45.037587,PID_1764809623_4152,23,Woman,Men,m2,ai_disclosed,0,3,0,FALSE,
2025-12-04T00:58:28.687439,PID_1764809623_4152,23,Woman,Men,m4,control,0,3,0,FALSE,
2025-12-04T00:59:08.266258,PID_1764809623_4152,23,Woman,Men,m6,ai_disclosed,0,1,0,FALSE,
2025-12-04T00:59:34.385791,PID_1764809623_4152,23,Woman,Men,m5,control,0,1,0,FALSE,
2025-12-05T13:58:16.049427,PID_1764943053_3510,28,Woman,Men,m1,ai_disclosed,3,0,1,FALSE,
2025-12-05T13:58:24.875768,PID_1764943053_3510,28,Woman,Men,m6,ai_disclosed,0,1,1,FALSE,
2025-12-05T13:58:44.456596,PID_1764943053_3510,28,Woman,Men,m2,ai_disclosed,3,1,3,FALSE,
2025-12-05T13:58:48.713325,PID_1764943053_3510,28,Woman,Men,attention_check,attention_check,3,3,3,TRUE,TRUE
2025-12-05T13:58:56.233748,PID_1764943053_3510,28,Woman,Men,m3,ai_disclosed,4,3,3,FALSE,
2025-12-05T13:59:16.273173,PID_1764943053_3510,28,Woman,Men,m7,control,3,4,4,FALSE,
2025-12-05T13:59:27.996111,PID_1764943053_3510,28,Woman,Men,m9,control,2,3,3,FALSE,
2025-12-05T13:59:39.236065,PID_1764943053_3510,28,Woman,Men,m5,ai_disclosed,2,1,2,FALSE,
2025-12-05T13:59:48.054968,PID_1764943053_3510,28,Woman,Men,m4,control,1,3,2,FALSE,
2025-12-05T13:59:57.792617,PID_1764943053_3510,28,Woman,Men,m10,control,3,3,2,FALSE,
2025-12-05T14:00:09.289475,PID_1764943053_3510,28,Woman,Men,m8,control,3,3,3,FALSE,
2025-12-06T18:35:36.955332,PID_1765046000_2285,29,Woman,Men,m5,control,3,3,3,FALSE,
2025-12-06T18:36:45.279998,PID_1765046000_2285,29,Woman,Men,m3,ai_disclosed,4,2,3,FALSE,
2025-12-06T18:37:27.640837,PID_1765046000_2285,29,Woman,Men,m10,ai_disclosed,2,2,2,FALSE,
2025-12-06T18:37:31.882742,PID_1765046000_2285,29,Woman,Men,attention_check,attention_check,3,3,3,TRUE,TRUE
2025-12-06T18:38:03.777610,PID_1765046000_2285,29,Woman,Men,m7,control,3,2,2,FALSE,
2025-12-06T18:38:35.525461,PID_1765046000_2285,29,Woman,Men,m1,ai_disclosed,3,2,3,FALSE,
2025-12-06T18:39:01.830024,PID_1765046000_2285,29,Woman,Men,m9,control,4,3,3,FALSE,
2025-12-06T18:39:34.065979,PID_1765046000_2285,29,Woman,Men,m2,ai_disclosed,3,2,3,FALSE,
2025-12-06T18:40:04.596817,PID_1765046000_2285,29,Woman,Men,m8,control,3,3,4,FALSE,
2025-12-06T18:40:41.539747,PID_1765046000_2285,29,Woman,Men,m6,ai_disclosed,1,2,1,FALSE,
2025-12-06T18:41:16.570978,PID_1765046000_2285,29,Woman,Men,m4,control,3,3,3,FALSE,
2025-12-06T18:43:00.871022,PID_1765046540_4536,25,Man,Women,w5,ai_disclosed,4,2,3,FALSE,
2025-12-06T18:43:51.616169,PID_1765046540_4536,25,Man,Women,w6,ai_disclosed,4,2,3,FALSE,
2025-12-06T18:44:21.041830,PID_1765046540_4536,25,Man,Women,w7,control,2,3,2,FALSE,
2025-12-06T18:44:28.631588,PID_1765046540_4536,25,Man,Women,attention_check,attention_check,3,3,3,TRUE,TRUE
2025-12-06T18:44:37.064762,PID_1765046540_4536,25,Man,Women,attention_check,attention_check,3,3,3,TRUE,TRUE
2025-12-06T18:45:11.088834,PID_1765046540_4536,25,Man,Women,w3,control,4,3,4,FALSE,
2025-12-06T18:45:31.336243,PID_1765046540_4536,25,Man,Women,w9,control,4,3,4,FALSE,
2025-12-06T18:45:56.540620,PID_1765046540_4536,25,Man,Women,w8,ai_disclosed,4,2,3,FALSE,
2025-12-06T18:46:42.943803,PID_1765046540_4536,25,Man,Women,w2,control,3,4,3,FALSE,
2025-12-06T18:47:06.754685,PID_1765046540_4536,25,Man,Women,w1,ai_disclosed,4,2,4,FALSE,
2025-12-06T18:47:47.930155,PID_1765046540_4536,25,Man,Women,w10,control,3,3,3,FALSE,
2025-12-06T18:48:16.265268,PID_1765046540_4536,25,Man,Women,w4,ai_disclosed,4,2,4,FALSE,
2025-12-06T18:50:12.780862,PID_1765046973_8719,22,Woman,Both,m7,ai_disclosed,2,1,1,FALSE,
2025-12-06T18:50:35.259048,PID_1765046973_8719,22,Woman,Both,m2,control,3,3,2,FALSE,
2025-12-06T18:51:30.900745,PID_1765046973_8719,22,Woman,Both,w6,ai_disclosed,3,1,2,FALSE,
2025-12-06T18:51:49.577719,PID_1765046973_8719,22,Woman,Both,attention_check,attention_check,3,3,3,TRUE,TRUE
2025-12-06T18:52:18.936441,PID_1765046973_8719,22,Woman,Both,m3,ai_disclosed,3,1,2,FALSE,
2025-12-06T18:52:45.895552,PID_1765046973_8719,22,Woman,Both,m1,control,3,1,1,FALSE,
2025-12-06T18:53:12.123982,PID_1765046973_8719,22,Woman,Both,w3,ai_disclosed,4,2,3,FALSE,
2025-12-06T18:53:39.769117,PID_1765046973_8719,22,Woman,Both,w7,control,3,4,3,FALSE,
2025-12-06T18:54:08.365618,PID_1765046973_8719,22,Woman,Both,w5,ai_disclosed,4,4,4,FALSE,
2025-12-06T18:54:36.962015,PID_1765046973_8719,22,Woman,Both,w10,control,3,3,2,FALSE,
2025-12-06T18:55:16.688226,PID_1765046973_8719,22,Woman,Both,m9,control,4,2,3,FALSE,
2025-12-01T09:47:12.184522,PID_1765047201_5934,25,Woman,Men,m1,ai_disclosed,3,3,3,FALSE,
2025-12-01T09:47:40.722918,PID_1765047201_5934,25,Woman,Men,m2,ai_disclosed,3,0,3,FALSE,
2025-12-01T09:48:12.391044,PID_1765047201_5934,25,Woman,Men,m3,control,2,4,1,FALSE,
2025-12-01T09:48:42.903311,PID_1765047201_5934,25,Woman,Men,m4,control,1,4,4,FALSE,
2025-12-01T09:49:15.672884,PID_1765047201_5934,25,Woman,Men,m5,control,0,4,2,FALSE,
2025-12-01T09:49:46.557201,PID_1765047201_5934,25,Woman,Men,attention_check,attention_check,3,3,3,TRUE,TRUE
2025-12-01T09:50:14.903822,PID_1765047201_5934,25,Woman,Men,m6,ai_disclosed,3,0,1,FALSE,
2025-12-01T09:50:45.118944,PID_1765047201_5934,25,Woman,Men,m7,control,3,2,4,FALSE,
2025-12-01T09:51:20.441005,PID_1765047201_5934,25,Woman,Men,m8,ai_disclosed,1,2,0,FALSE,
2025-12-01T09:51:47.992331,PID_1765047201_5934,25,Woman,Men,m9,control,2,4,4,FALSE,
2025-12-01T09:52:22.540119,PID_1765047201_5934,25,Woman,Men,m10,ai_disclosed,2,2,1,FALSE,
2025-12-02T14:12:03.119774,PID_1765047355_2841,26,Woman,Men,m1,ai_disclosed,2,3,4,FALSE,
2025-12-02T14:12:31.588204,PID_1765047355_2841,26,Woman,Men,m2,control,3,3,4,FALSE,
2025-12-02T14:13:05.902211,PID_1765047355_2841,26,Woman,Men,m3,ai_disclosed,4,3,3,FALSE,
2025-12-02T14:13:34.447289,PID_1765047355_2841,26,Woman,Men,m4,ai_disclosed,1,1,1,FALSE,
2025-12-02T14:14:10.993821,PID_1765047355_2841,26,Woman,Men,m5,control,3,0,2,FALSE,
2025-12-02T14:14:41.377520,PID_1765047355_2841,26,Woman,Men,attention_check,attention_check,3,3,3,TRUE,TRUE
2025-12-02T14:15:10.992714,PID_1765047355_2841,26,Woman,Men,m6,ai_disclosed,2,3,2,FALSE,
2025-12-02T14:15:41.662129,PID_1765047355_2841,26,Woman,Men,m7,control,3,3,3,FALSE,
2025-12-02T14:16:15.201847,PID_1765047355_2841,26,Woman,Men,m8,control,4,3,4,FALSE,
2025-12-02T14:16:47.559902,PID_1765047355_2841,26,Woman,Men,m9,control,1,0,3,FALSE,
2025-12-02T14:17:22.814290,PID_1765047355_2841,26,Woman,Men,m10,ai_disclosed,2,0,0,FALSE,
2025-12-03T18:06:55.932710,PID_1765047488_9172,27,Woman,Men,m1,control,3,3,1,FALSE,
2025-12-03T18:07:27.403511,PID_1765047488_9172,27,Woman,Men,m2,control,0,0,2,FALSE,
2025-12-03T18:08:01.889443,PID_1765047488_9172,27,Woman,Men,m3,ai_disclosed,3,4,3,FALSE,
2025-12-03T18:08:28.550221,PID_1765047488_9172,27,Woman,Men,m4,ai_disclosed,0,3,0,FALSE,
2025-12-03T18:09:03.774930,PID_1765047488_9172,27,Woman,Men,m5,control,1,0,0,FALSE,
2025-12-03T18:09:37.228154,PID_1765047488_9172,27,Woman,Men,attention_check,attention_check,3,3,3,TRUE,TRUE
2025-12-03T18:10:08.557310,PID_1765047488_9172,27,Woman,Men,m6,control,1,2,0,FALSE,
2025-12-03T18:10:40.118295,PID_1765047488_9172,27,Woman,Men,m7,ai_disclosed,3,1,3,FALSE,
2025-12-03T18:11:15.504912,PID_1765047488_9172,27,Woman,Men,m8,ai_disclosed,3,1,4,FALSE,
2025-12-03T18:11:46.778234,PID_1765047488_9172,27,Woman,Men,m9,ai_disclosed,3,2,3,FALSE,
2025-12-03T18:12:20.330011,PID_1765047488_9172,27,Woman,Men,m10,control,4,1,4,FALSE,
2025-12-01T16:23:11.441008,PID_1765047603_4468,24,Man,Women,w1,ai_disclosed,2,4,1,FALSE,
2025-12-01T16:23:45.992201,PID_1765047603_4468,24,Man,Women,w2,control,1,1,3,FALSE,
2025-12-01T16:24:18.338590,PID_1765047603_4468,24,Man,Women,w3,control,4,2,4,FALSE,
2025-12-01T16:24:52.771924,PID_1765047603_4468,24,Man,Women,w4,ai_disclosed,2,0,4,FALSE,
2025-12-01T16:25:24.110657,PID_1765047603_4468,24,Man,Women,w5,control,1,0,2,FALSE,
2025-12-01T16:25:56.884420,PID_1765047603_4468,24,Man,Women,attention_check,attention_check,3,3,3,TRUE,TRUE
2025-12-01T16:26:27.557199,PID_1765047603_4468,24,Man,Women,w6,ai_disclosed,3,2,4,FALSE,
2025-12-01T16:27:00.992380,PID_1765047603_4468,24,Man,Women,w7,control,1,2,2,FALSE,
2025-12-01T16:27:34.665441,PID_1765047603_4468,24,Man,Women,w8,ai_disclosed,1,2,4,FALSE,
2025-12-01T16:28:09.227811,PID_1765047603_4468,24,Man,Women,w9,control,1,2,2,FALSE,
2025-12-01T16:28:43.775920,PID_1765047603_4468,24,Man,Women,w10,ai_disclosed,1,1,0,FALSE,
2025-12-02T11:39:04.885521,PID_1765047719_6805,28,Man,Women,w1,control,0,0,2,FALSE,
2025-12-02T11:39:36.441902,PID_1765047719_6805,28,Man,Women,w2,ai_disclosed,2,4,0,FALSE,
2025-12-02T11:40:11.992750,PID_1765047719_6805,28,Man,Women,w3,ai_disclosed,2,4,4,FALSE,
2025-12-02T11:40:43.663120,PID_1765047719_6805,28,Man,Women,w4,ai_disclosed,2,0,2,FALSE,
2025-12-02T11:41:14.009433,PID_1765047719_6805,28,Man,Women,w5,control,0,2,3,FALSE,
2025-12-02T11:41:48.772310,PID_1765047719_6805,28,Man,Women,attention_check,attention_check,3,3,3,TRUE,TRUE
2025-12-02T11:42:21.391094,PID_1765047719_6805,28,Man,Women,w6,control,0,3,4,FALSE,
2025-12-02T11:42:52.774501,PID_1765047719_6805,28,Man,Women,w7,ai_disclosed,1,4,4,FALSE,
2025-12-02T11:43:26.114992,PID_1765047719_6805,28,Man,Women,w8,control,4,1,2,FALSE,
2025-12-02T11:44:01.559002,PID_1765047719_6805,28,Man,Women,w9,ai_disclosed,1,2,3,FALSE,
2025-12-02T11:44:36.220119,PID_1765047719_6805,28,Man,Women,w10,control,3,3,0,FALSE,
2025-12-04T13:54:22.772910,PID_1765047890_3327,23,Man,Women,w1,control,2,1,4,FALSE,
2025-12-04T13:54:56.115220,PID_1765047890_3327,23,Man,Women,w2,control,1,1,4,FALSE,
2025-12-04T13:55:29.882014,PID_1765047890_3327,23,Man,Women,w3,control,4,0,2,FALSE,
2025-12-04T13:56:03.220745,PID_1765047890_3327,23,Man,Women,w4,control,2,1,2,FALSE,
2025-12-04T13:56:38.552901,PID_1765047890_3327,23,Man,Women,w5,ai_disclosed,4,1,2,FALSE,
2025-12-04T13:57:12.119034,PID_1765047890_3327,23,Man,Women,attention_check,attention_check,3,3,3,TRUE,TRUE
2025-12-04T13:57:44.774299,PID_1765047890_3327,23,Man,Women,w6,control,4,1,2,FALSE,
2025-12-04T13:58:17.331900,PID_1765047890_3327,23,Man,Women,w7,ai_disclosed,0,4,4,FALSE,
2025-12-04T13:58:52.663119,PID_1765047890_3327,23,Man,Women,w8,ai_disclosed,1,3,3,FALSE,
2025-12-04T13:59:24.220118,PID_1765047890_3327,23,Man,Women,w9,ai_disclosed,2,3,2,FALSE,
2025-12-04T13:59:59.884551,PID_1765047890_3327,23,Man,Women,w10,ai_disclosed,3,1,4,FALSE,
2025-12-06T19:36:25.536654,PID_1765049739_2178,23,Man,Men,m8,control,4,4,3,FALSE,
2025-12-06T19:36:35.488957,PID_1765049739_2178,23,Man,Men,m10,ai_disclosed,4,3,3,FALSE,
2025-12-06T19:36:41.559936,PID_1765049739_2178,23,Man,Men,m3,control,4,4,4,FALSE,
2025-12-06T19:36:45.836021,PID_1765049739_2178,23,Man,Men,attention_check,attention_check,3,3,3,TRUE,TRUE
2025-12-06T19:37:07.332944,PID_1765049739_2178,23,Man,Men,m5,control,2,3,3,FALSE,
2025-12-06T19:37:22.251716,PID_1765049739_2178,23,Man,Men,m6,ai_disclosed,3,2,2,FALSE,
2025-12-06T19:37:47.950603,PID_1765049739_2178,23,Man,Men,m7,control,4,4,3,FALSE,
2025-12-06T19:37:55.441954,PID_1765049739_2178,23,Man,Men,m2,ai_disclosed,4,3,3,FALSE,
2025-12-06T19:38:03.488201,PID_1765049739_2178,23,Man,Men,m4,control,3,3,4,FALSE,
2025-12-06T19:38:11.245732,PID_1765049739_2178,23,Man,Men,m9,ai_disclosed,4,4,3,FALSE,
2025-12-06T19:38:24.879312,PID_1765049739_2178,23,Man,Men,m1,ai_disclosed,3,2,2,FALSE,